player,total_runs,balls_faced,times_out,matches_played,batting_average,strike_rate,fours,sixes,runs_conceded,wickets,balls_bowled,matches_bowled,economy_rate,bowling_average,bowling_strike_rate,role,total_matches
V Kohli,8014.0,6236.0,218.0,244.0,36.76,128.51,708.0,273.0,371.0,5.0,264.0,26.0,8.43,74.2,52.8,All-rounder,244.0
S Dhawan,6769.0,5483.0,194.0,221.0,34.89,123.45,768.0,153.0,72.0,4.0,49.0,6.0,8.82,18.0,12.25,Batsman,221.0
RG Sharma,6630.0,5183.0,232.0,251.0,28.58,127.92,599.0,281.0,462.0,16.0,349.0,32.0,7.94,28.88,21.81,All-rounder,251.0
DA Warner,6567.0,4849.0,164.0,184.0,40.04,135.43,663.0,236.0,2.0,0.0,2.0,1.0,6.0,0.0,0.0,Batsman,184.0
SK Raina,5536.0,4177.0,168.0,200.0,32.95,132.54,506.0,204.0,1139.0,30.0,930.0,69.0,7.35,37.97,31.0,All-rounder,200.0
MS Dhoni,5243.0,3947.0,149.0,228.0,35.19,132.84,363.0,252.0,0.0,0.0,0.0,0.0,0.0,0.0,0.0,Batsman,228.0
AB de Villiers,5181.0,3487.0,125.0,170.0,41.45,148.58,414.0,253.0,0.0,0.0,0.0,0.0,0.0,0.0,0.0,Batsman,170.0
CH Gayle,4997.0,3516.0,128.0,141.0,39.04,142.12,408.0,359.0,755.0,19.0,584.0,38.0,7.76,39.74,30.74,All-rounder,141.0
RV Uthappa,4954.0,3927.0,184.0,197.0,26.92,126.15,481.0,182.0,0.0,0.0,0.0,0.0,0.0,0.0,0.0,Batsman,197.0
KD Karthik,4843.0,3687.0,189.0,233.0,25.62,131.35,466.0,161.0,0.0,0.0,0.0,0.0,0.0,0.0,0.0,Batsman,233.0
KL Rahul,4689.0,3578.0,106.0,122.0,44.24,131.05,400.0,187.0,0.0,0.0,0.0,0.0,0.0,0.0,0.0,Batsman,122.0
AM Rahane,4642.0,3858.0,156.0,171.0,29.76,120.32,479.0,103.0,5.0,1.0,6.0,1.0,5.0,5.0,6.0,Batsman,171.0
F du Plessis,4571.0,3435.0,125.0,138.0,36.57,133.07,422.0,166.0,16.0,0.0,6.0,1.0,16.0,0.0,0.0,Batsman,138.0
SV Samson,4419.0,3270.0,142.0,162.0,31.12,135.14,352.0,206.0,0.0,0.0,0.0,0.0,0.0,0.0,0.0,Batsman,162.0
AT Rayudu,4348.0,3490.0,152.0,185.0,28.61,124.58,359.0,173.0,0.0,0.0,0.0,0.0,0.0,0.0,0.0,Batsman,185.0
G Gambhir,4217.0,3524.0,135.0,151.0,31.24,119.67,492.0,59.0,0.0,0.0,0.0,0.0,0.0,0.0,0.0,Batsman,151.0
SR Watson,3880.0,2892.0,126.0,141.0,30.79,134.16,377.0,190.0,2742.0,107.0,2137.0,105.0,7.7,25.63,19.97,All-rounder,141.0
MK Pandey,3859.0,3288.0,133.0,158.0,29.02,117.37,335.0,111.0,0.0,0.0,0.0,0.0,0.0,0.0,0.0,Batsman,158.0
SA Yadav,3594.0,2522.0,112.0,135.0,32.09,142.51,385.0,130.0,8.0,0.0,6.0,1.0,8.0,0.0,0.0,Batsman,135.0
JC Buttler,3583.0,2519.0,96.0,106.0,37.32,142.24,356.0,161.0,0.0,0.0,0.0,0.0,0.0,0.0,0.0,Batsman,106.0
KA Pollard,3437.0,2447.0,129.0,168.0,26.64,140.46,221.0,224.0,2200.0,81.0,1586.0,107.0,8.32,27.16,19.58,All-rounder,168.0
RR Pant,3297.0,2296.0,96.0,110.0,34.34,143.6,298.0,154.0,0.0,0.0,0.0,0.0,0.0,0.0,0.0,Batsman,110.0
YK Pathan,3222.0,2334.0,111.0,153.0,29.03,138.05,263.0,161.0,1443.0,46.0,1184.0,82.0,7.31,31.37,25.74,All-rounder,153.0
Shubman Gill,3216.0,2432.0,86.0,99.0,37.4,132.24,310.0,95.0,0.0,0.0,0.0,0.0,0.0,0.0,0.0,Batsman,99.0
Q de Kock,3160.0,2410.0,101.0,107.0,31.29,131.12,316.0,123.0,0.0,0.0,0.0,0.0,0.0,0.0,0.0,Batsman,107.0
SS Iyer,3131.0,2545.0,102.0,114.0,30.7,123.03,272.0,113.0,7.0,0.0,6.0,1.0,7.0,0.0,0.0,Batsman,114.0
RA Jadeja,2959.0,2378.0,114.0,180.0,25.96,124.43,215.0,107.0,4917.0,169.0,3895.0,211.0,7.57,29.09,23.05,All-rounder,211.0
WP Saha,2934.0,2368.0,121.0,143.0,24.25,123.9,296.0,87.0,0.0,0.0,0.0,0.0,0.0,0.0,0.0,Batsman,143.0
DA Miller,2924.0,2171.0,84.0,123.0,34.81,134.68,207.0,134.0,0.0,0.0,0.0,0.0,0.0,0.0,0.0,Batsman,123.0
BB McCullum,2882.0,2272.0,106.0,109.0,27.19,126.85,293.0,130.0,0.0,0.0,0.0,0.0,0.0,0.0,0.0,Batsman,109.0
PA Patel,2848.0,2442.0,127.0,136.0,22.43,116.63,365.0,49.0,0.0,0.0,0.0,0.0,0.0,0.0,0.0,Batsman,136.0
GJ Maxwell,2772.0,1842.0,111.0,128.0,24.97,150.49,233.0,160.0,1311.0,41.0,965.0,79.0,8.15,31.98,23.54,All-rounder,128.0
Yuvraj Singh,2754.0,2207.0,109.0,126.0,25.27,124.78,218.0,149.0,1091.0,39.0,882.0,73.0,7.42,27.97,22.62,All-rounder,126.0
V Sehwag,2728.0,1833.0,98.0,104.0,27.84,148.83,334.0,106.0,236.0,6.0,138.0,15.0,10.26,39.33,23.0,All-rounder,104.0
MA Agarwal,2669.0,2081.0,116.0,121.0,23.01,128.26,265.0,98.0,0.0,0.0,0.0,0.0,0.0,0.0,0.0,Batsman,121.0
Ishan Kishan,2644.0,1991.0,91.0,99.0,29.05,132.8,255.0,119.0,0.0,0.0,0.0,0.0,0.0,0.0,0.0,Batsman,99.0
N Rana,2636.0,2015.0,94.0,101.0,28.04,130.82,234.0,132.0,253.0,10.0,185.0,24.0,8.21,25.3,18.5,All-rounder,101.0
M Vijay,2619.0,2208.0,97.0,105.0,27.0,118.61,247.0,91.0,49.0,0.0,37.0,4.0,7.95,0.0,0.0,Batsman,105.0
HH Pandya,2534.0,1814.0,89.0,128.0,28.47,139.69,189.0,137.0,2196.0,70.0,1485.0,93.0,8.87,31.37,21.21,All-rounder,128.0
SPD Smith,2495.0,1999.0,78.0,93.0,31.99,124.81,226.0,60.0,5.0,0.0,2.0,1.0,15.0,0.0,0.0,Batsman,93.0
SE Marsh,2489.0,1913.0,65.0,69.0,38.29,130.11,269.0,78.0,0.0,0.0,0.0,0.0,0.0,0.0,0.0,Batsman,69.0
AD Russell,2488.0,1515.0,84.0,104.0,29.62,164.22,171.0,209.0,2691.0,125.0,1771.0,112.0,9.12,21.53,14.17,All-rounder,112.0
JH Kallis,2427.0,2291.0,89.0,95.0,27.27,105.94,255.0,44.0,2348.0,74.0,1799.0,89.0,7.83,31.73,24.31,All-rounder,95.0
DR Smith,2385.0,1803.0,81.0,88.0,29.44,132.28,245.0,117.0,825.0,27.0,557.0,46.0,8.89,30.56,20.63,All-rounder,88.0
RD Gaikwad,2380.0,1781.0,56.0,65.0,42.5,133.63,217.0,91.0,0.0,0.0,0.0,0.0,0.0,0.0,0.0,Batsman,65.0
SR Tendulkar,2334.0,2044.0,71.0,78.0,32.87,114.19,296.0,29.0,59.0,0.0,37.0,4.0,9.57,0.0,0.0,Batsman,78.0
RA Tripathi,2236.0,1650.0,81.0,93.0,27.6,135.52,223.0,84.0,12.0,0.0,6.0,1.0,12.0,0.0,0.0,Batsman,93.0
R Dravid,2174.0,1918.0,77.0,82.0,28.23,113.35,269.0,28.0,0.0,0.0,0.0,0.0,0.0,0.0,0.0,Batsman,82.0
KS Williamson,2132.0,1734.0,59.0,76.0,36.14,122.95,187.0,64.0,31.0,0.0,18.0,2.0,10.33,0.0,0.0,Batsman,76.0
AJ Finch,2092.0,1696.0,84.0,90.0,24.9,123.35,214.0,78.0,67.0,1.0,44.0,5.0,9.14,67.0,44.0,Batsman,90.0
AC Gilchrist,2069.0,1555.0,76.0,80.0,27.22,133.05,239.0,92.0,0.0,1.0,1.0,1.0,0.0,0.0,1.0,Batsman,80.0
JP Duminy,2029.0,1680.0,49.0,75.0,41.41,120.77,126.0,79.0,847.0,23.0,701.0,49.0,7.25,36.83,30.48,All-rounder,75.0
MEK Hussey,1977.0,1648.0,52.0,58.0,38.02,119.96,198.0,52.0,0.0,0.0,0.0,0.0,0.0,0.0,0.0,Batsman,58.0
PP Shaw,1892.0,1321.0,77.0,79.0,24.57,143.22,238.0,61.0,0.0,0.0,0.0,0.0,0.0,0.0,0.0,Batsman,79.0
MP Stoinis,1866.0,1366.0,67.0,88.0,27.85,136.6,150.0,91.0,1300.0,45.0,831.0,62.0,9.39,28.89,18.47,All-rounder,88.0
DPMD Jayawardene,1808.0,1522.0,64.0,78.0,28.25,118.79,200.0,40.0,0.0,0.0,0.0,0.0,0.0,0.0,0.0,Batsman,78.0
N Pooran,1769.0,1143.0,56.0,72.0,31.59,154.77,113.0,127.0,0.0,0.0,0.0,0.0,0.0,0.0,0.0,Batsman,72.0
Mandeep Singh,1706.0,1418.0,85.0,97.0,20.07,120.31,176.0,38.0,26.0,0.0,12.0,2.0,13.0,0.0,0.0,Batsman,97.0
MK Tiwary,1695.0,1489.0,61.0,83.0,27.79,113.83,156.0,40.0,83.0,1.0,45.0,6.0,11.07,83.0,45.0,Batsman,83.0
KC Sangakkara,1687.0,1424.0,69.0,68.0,24.45,118.47,195.0,27.0,0.0,0.0,0.0,0.0,0.0,0.0,0.0,Batsman,68.0
AR Patel,1653.0,1318.0,78.0,112.0,21.19,125.42,107.0,79.0,3824.0,131.0,3152.0,148.0,7.28,29.19,24.06,All-rounder,148.0
KH Pandya,1647.0,1287.0,74.0,107.0,22.26,127.97,144.0,61.0,2644.0,80.0,2183.0,117.0,7.27,33.05,27.29,All-rounder,117.0
YBK Jaiswal,1607.0,1095.0,49.0,52.0,32.8,146.76,199.0,64.0,6.0,0.0,1.0,1.0,36.0,0.0,0.0,Batsman,52.0
JM Bairstow,1589.0,1132.0,48.0,50.0,33.1,140.37,166.0,69.0,0.0,0.0,0.0,0.0,0.0,0.0,0.0,Batsman,50.0
DJ Bravo,1560.0,1247.0,69.0,110.0,22.61,125.1,120.0,66.0,4436.0,207.0,3296.0,158.0,8.08,21.43,15.92,All-rounder,158.0
D Padikkal,1559.0,1323.0,63.0,64.0,24.75,117.84,170.0,42.0,0.0,0.0,0.0,0.0,0.0,0.0,0.0,Batsman,64.0
NV Ojha,1554.0,1360.0,74.0,94.0,21.0,114.26,121.0,79.0,0.0,0.0,0.0,0.0,0.0,0.0,0.0,Batsman,94.0
SP Narine,1534.0,984.0,84.0,106.0,18.26,155.89,164.0,97.0,4672.0,200.0,4146.0,175.0,6.76,23.36,20.73,All-rounder,175.0
S Dube,1502.0,1077.0,50.0,61.0,30.04,139.46,86.0,101.0,190.0,6.0,117.0,14.0,9.74,31.67,19.5,All-rounder,61.0
KK Nair,1496.0,1192.0,65.0,68.0,23.02,125.5,161.0,39.0,0.0,0.0,0.0,0.0,0.0,0.0,0.0,Batsman,68.0
SS Tiwary,1494.0,1291.0,50.0,73.0,29.88,115.72,111.0,50.0,0.0,0.0,0.0,0.0,0.0,0.0,0.0,Batsman,73.0
DJ Hooda,1466.0,1170.0,77.0,96.0,19.04,125.3,96.0,61.0,535.0,10.0,384.0,33.0,8.36,53.5,38.4,All-rounder,96.0
S Badrinath,1441.0,1245.0,48.0,65.0,30.02,115.74,154.0,28.0,0.0,0.0,0.0,0.0,0.0,0.0,0.0,Batsman,65.0
EJG Morgan,1406.0,1181.0,61.0,74.0,23.05,119.05,112.0,64.0,0.0,0.0,0.0,0.0,0.0,0.0,0.0,Batsman,74.0
BJ Hodge,1400.0,1153.0,46.0,63.0,30.43,121.42,122.0,43.0,310.0,18.0,238.0,20.0,7.82,17.22,13.22,All-rounder,63.0
Abhishek Sharma,1377.0,925.0,55.0,61.0,25.04,148.86,128.0,73.0,396.0,11.0,278.0,26.0,8.55,36.0,25.27,All-rounder,61.0
SC Ganguly,1349.0,1326.0,54.0,56.0,24.98,101.73,137.0,42.0,370.0,12.0,280.0,20.0,7.93,30.83,23.33,All-rounder,56.0
CA Lynn,1329.0,974.0,39.0,42.0,34.08,136.45,132.0,66.0,0.0,0.0,0.0,0.0,0.0,0.0,0.0,Batsman,42.0
VR Iyer,1326.0,1000.0,43.0,49.0,30.84,132.6,121.0,61.0,145.0,3.0,84.0,9.0,10.36,48.33,28.0,Batsman,49.0
DJ Hussey,1322.0,1101.0,49.0,61.0,26.98,120.07,90.0,60.0,485.0,10.0,323.0,26.0,9.01,48.5,32.3,All-rounder,61.0
SO Hetmyer,1243.0,854.0,40.0,65.0,31.08,145.55,76.0,82.0,0.0,0.0,0.0,0.0,0.0,0.0,0.0,Batsman,65.0
KM Jadhav,1208.0,1012.0,54.0,81.0,22.37,119.37,102.0,40.0,0.0,0.0,0.0,0.0,0.0,0.0,0.0,Batsman,81.0
R Parag,1173.0,909.0,47.0,58.0,24.96,129.04,84.0,60.0,307.0,5.0,181.0,21.0,10.18,61.4,36.2,All-rounder,58.0
MM Ali,1162.0,849.0,49.0,57.0,23.71,136.87,95.0,67.0,900.0,40.0,770.0,52.0,7.01,22.5,19.25,All-rounder,57.0
Tilak Varma,1156.0,830.0,28.0,38.0,41.29,139.28,90.0,58.0,28.0,0.0,23.0,4.0,7.3,0.0,0.0,Batsman,38.0
TM Dilshan,1153.0,1047.0,41.0,50.0,28.12,110.12,140.0,24.0,368.0,5.0,275.0,25.0,8.03,73.6,55.0,All-rounder,50.0
IK Pathan,1150.0,985.0,53.0,82.0,21.7,116.75,88.0,38.0,2711.0,99.0,2113.0,101.0,7.7,27.38,21.34,All-rounder,101.0
V Shankar,1115.0,890.0,43.0,58.0,25.93,125.28,80.0,45.0,344.0,12.0,258.0,22.0,8.0,28.67,21.5,All-rounder,58.0
ML Hayden,1107.0,839.0,28.0,32.0,39.54,131.94,121.0,44.0,0.0,0.0,0.0,0.0,0.0,0.0,0.0,Batsman,32.0
M Vohra,1083.0,863.0,48.0,51.0,22.56,125.49,104.0,43.0,0.0,0.0,0.0,0.0,0.0,0.0,0.0,Batsman,51.0
LMP Simmons,1079.0,878.0,27.0,29.0,39.96,122.89,109.0,44.0,34.0,1.0,18.0,1.0,11.33,34.0,18.0,Batsman,29.0
B Sai Sudharsan,1034.0,770.0,21.0,25.0,49.24,134.29,95.0,32.0,0.0,0.0,0.0,0.0,0.0,0.0,0.0,Batsman,25.0
LRPL Taylor,1017.0,847.0,41.0,54.0,24.8,120.07,66.0,46.0,24.0,0.0,13.0,2.0,11.08,0.0,0.0,Batsman,54.0
R Tewatia,1013.0,788.0,43.0,65.0,23.56,128.55,84.0,47.0,1117.0,36.0,866.0,52.0,7.74,31.03,24.06,All-rounder,65.0
KP Pietersen,1001.0,758.0,29.0,36.0,34.52,132.06,91.0,40.0,218.0,9.0,180.0,13.0,7.27,24.22,20.0,All-rounder,36.0
MC Henriques,1000.0,801.0,38.0,54.0,26.32,124.84,87.0,28.0,1302.0,46.0,979.0,60.0,7.98,28.3,21.28,All-rounder,60.0
AK Markram,995.0,787.0,33.0,42.0,30.15,126.43,73.0,35.0,173.0,2.0,123.0,14.0,8.44,86.5,61.5,All-rounder,42.0
H Klaasen,993.0,613.0,26.0,32.0,38.19,161.99,56.0,64.0,0.0,0.0,0.0,0.0,0.0,0.0,0.0,Batsman,32.0
Y Venugopal Rao,985.0,865.0,42.0,52.0,23.45,113.87,77.0,37.0,338.0,7.0,222.0,20.0,9.14,48.29,31.71,All-rounder,52.0
JA Morkel,975.0,712.0,40.0,67.0,24.38,136.94,61.0,55.0,2409.0,96.0,1807.0,87.0,8.0,25.09,18.82,All-rounder,87.0
A Symonds,974.0,781.0,26.0,36.0,37.46,124.71,74.0,41.0,694.0,23.0,540.0,30.0,7.71,30.17,23.48,All-rounder,36.0
CL White,971.0,774.0,35.0,45.0,27.74,125.45,76.0,38.0,86.0,1.0,46.0,6.0,11.22,86.0,46.0,Batsman,45.0
LS Livingstone,939.0,609.0,33.0,39.0,28.45,154.19,66.0,66.0,395.0,11.0,267.0,22.0,8.88,35.91,24.27,All-rounder,39.0
BA Stokes,935.0,718.0,41.0,43.0,22.8,130.22,81.0,32.0,1023.0,31.0,723.0,38.0,8.49,33.0,23.32,All-rounder,43.0
DP Conway,924.0,669.0,20.0,22.0,46.2,138.12,100.0,30.0,0.0,0.0,0.0,0.0,0.0,0.0,0.0,Batsman,22.0
RK Singh,893.0,654.0,29.0,40.0,30.79,136.54,67.0,46.0,0.0,0.0,0.0,0.0,0.0,0.0,0.0,Batsman,40.0
HH Gibbs,886.0,837.0,32.0,36.0,27.69,105.85,83.0,31.0,0.0,0.0,0.0,0.0,0.0,0.0,0.0,Batsman,36.0
SM Curran,883.0,673.0,36.0,48.0,24.53,131.2,74.0,37.0,1924.0,62.0,1234.0,58.0,9.35,31.03,19.9,All-rounder,58.0
STR Binny,880.0,700.0,44.0,66.0,20.0,125.71,66.0,35.0,763.0,28.0,611.0,63.0,7.49,27.25,21.82,All-rounder,66.0
Harbhajan Singh,833.0,636.0,56.0,88.0,14.88,130.97,79.0,42.0,4101.0,161.0,3496.0,160.0,7.04,25.47,21.71,All-rounder,160.0
R Ashwin,800.0,698.0,59.0,89.0,13.56,114.61,61.0,28.0,5435.0,198.0,4679.0,208.0,6.97,27.45,23.63,All-rounder,208.0
RM Patidar,799.0,534.0,24.0,24.0,33.29,149.63,51.0,54.0,0.0,0.0,0.0,0.0,0.0,0.0,0.0,Batsman,24.0
MS Bisla,798.0,737.0,37.0,39.0,21.57,108.28,93.0,23.0,0.0,0.0,0.0,0.0,0.0,0.0,0.0,Batsman,39.0
Shakib Al Hasan,795.0,665.0,40.0,52.0,19.88,119.55,73.0,21.0,1864.0,71.0,1515.0,70.0,7.38,26.25,21.34,All-rounder,70.0
TM Head,772.0,458.0,20.0,25.0,38.6,168.56,76.0,40.0,113.0,3.0,58.0,6.0,11.69,37.67,19.33,Batsman,25.0
ST Jayasuriya,768.0,573.0,29.0,30.0,26.48,134.03,84.0,39.0,396.0,16.0,301.0,21.0,7.89,24.75,18.81,All-rounder,30.0
P Simran Singh,756.0,528.0,35.0,34.0,21.6,143.18,78.0,41.0,0.0,0.0,0.0,0.0,0.0,0.0,0.0,Batsman,34.0
GC Smith,739.0,691.0,30.0,29.0,24.63,106.95,94.0,9.0,0.0,0.0,0.0,0.0,0.0,0.0,0.0,Batsman,29.0
JM Sharma,730.0,501.0,32.0,36.0,22.81,145.71,53.0,45.0,0.0,0.0,0.0,0.0,0.0,0.0,0.0,Batsman,36.0
AD Mathews,724.0,599.0,31.0,41.0,23.35,120.87,44.0,29.0,1095.0,28.0,807.0,44.0,8.14,39.11,28.82,All-rounder,44.0
C Green,707.0,472.0,20.0,28.0,35.35,149.79,62.0,32.0,675.0,20.0,462.0,29.0,8.77,33.75,23.1,All-rounder,29.0
TL Suman,676.0,587.0,30.0,39.0,22.53,115.16,55.0,26.0,198.0,7.0,152.0,11.0,7.82,28.29,21.71,All-rounder,39.0
AM Nayar,672.0,588.0,39.0,50.0,17.23,114.29,55.0,20.0,323.0,9.0,239.0,19.0,8.11,35.89,26.56,All-rounder,50.0
MR Marsh,665.0,532.0,32.0,36.0,20.78,125.0,48.0,38.0,803.0,37.0,593.0,34.0,8.12,21.7,16.03,All-rounder,36.0
GJ Bailey,663.0,552.0,29.0,36.0,22.86,120.11,59.0,19.0,0.0,0.0,0.0,0.0,0.0,0.0,0.0,Batsman,36.0
TH David,659.0,417.0,23.0,35.0,28.65,158.03,38.0,46.0,0.0,0.0,0.0,0.0,0.0,0.0,0.0,Batsman,35.0
E Lewis,654.0,499.0,24.0,26.0,27.25,131.06,62.0,36.0,0.0,0.0,0.0,0.0,0.0,0.0,0.0,Batsman,26.0
PD Salt,653.0,385.0,20.0,21.0,32.65,169.61,74.0,34.0,0.0,0.0,0.0,0.0,0.0,0.0,0.0,Batsman,21.0
A Badoni,634.0,505.0,26.0,35.0,24.38,125.54,46.0,24.0,37.0,2.0,25.0,5.0,8.88,18.5,12.5,Batsman,35.0
PP Chawla,624.0,580.0,57.0,86.0,10.95,107.59,56.0,20.0,5179.0,201.0,3895.0,191.0,7.98,25.77,19.38,All-rounder,191.0
CH Morris,618.0,413.0,29.0,49.0,21.31,149.64,41.0,35.0,2377.0,107.0,1801.0,81.0,7.92,22.21,16.83,All-rounder,81.0
JJ Roy,614.0,460.0,19.0,21.0,32.32,133.48,75.0,21.0,0.0,0.0,0.0,0.0,0.0,0.0,0.0,Batsman,21.0
JD Ryder,604.0,466.0,29.0,29.0,20.83,129.61,69.0,19.0,314.0,11.0,241.0,16.0,7.82,28.55,21.91,All-rounder,29.0
SN Khan,585.0,456.0,29.0,36.0,20.17,128.29,63.0,14.0,6.0,0.0,2.0,1.0,18.0,0.0,0.0,Batsman,36.0
Abdul Samad,579.0,408.0,32.0,39.0,18.09,141.91,37.0,36.0,113.0,2.0,55.0,5.0,12.33,56.5,27.5,Batsman,39.0
M Shahrukh Khan,553.0,413.0,25.0,37.0,22.12,133.9,35.0,37.0,16.0,0.0,12.0,2.0,8.0,0.0,0.0,Batsman,37.0
Rashid Khan,545.0,355.0,37.0,58.0,14.73,153.52,39.0,38.0,3340.0,157.0,2901.0,121.0,6.91,21.27,18.48,All-rounder,121.0
CJ Anderson,538.0,436.0,22.0,29.0,24.45,123.39,40.0,31.0,525.0,14.0,315.0,22.0,10.0,37.5,22.5,All-rounder,29.0
Shahbaz Ahmed,536.0,467.0,29.0,37.0,18.48,114.78,28.0,25.0,850.0,21.0,549.0,42.0,9.29,40.48,26.14,All-rounder,42.0
RS Bopara,531.0,468.0,19.0,22.0,27.95,113.46,39.0,16.0,301.0,13.0,213.0,14.0,8.48,23.15,16.38,All-rounder,22.0
JP Faulkner,527.0,406.0,28.0,45.0,18.82,129.8,36.0,23.0,1849.0,76.0,1287.0,60.0,8.62,24.33,16.93,All-rounder,60.0
MK Lomror,527.0,389.0,30.0,35.0,17.57,135.48,33.0,30.0,127.0,2.0,94.0,11.0,8.11,63.5,47.0,All-rounder,35.0
PJ Cummins,515.0,359.0,29.0,39.0,17.76,143.45,33.0,34.0,1976.0,66.0,1370.0,58.0,8.65,29.94,20.76,All-rounder,58.0
M Manhas,514.0,486.0,24.0,38.0,21.42,105.76,43.0,10.0,42.0,0.0,42.0,3.0,6.0,0.0,0.0,Batsman,38.0
Gurkeerat Singh,511.0,436.0,27.0,32.0,18.93,117.2,55.0,11.0,97.0,5.0,82.0,6.0,7.1,19.4,16.4,Batsman,32.0
OA Shah,506.0,405.0,13.0,22.0,38.92,124.94,34.0,23.0,0.0,0.0,0.0,0.0,0.0,0.0,0.0,Batsman,22.0
PC Valthaty,505.0,432.0,22.0,23.0,22.95,116.9,61.0,20.0,207.0,7.0,153.0,10.0,8.12,29.57,21.86,All-rounder,23.0
SW Billings,503.0,399.0,26.0,27.0,19.35,126.07,40.0,20.0,0.0,0.0,0.0,0.0,0.0,0.0,0.0,Batsman,27.0
RR Rossouw,473.0,321.0,21.0,22.0,22.52,147.35,45.0,25.0,0.0,0.0,0.0,0.0,0.0,0.0,0.0,Batsman,22.0
DT Christian,460.0,408.0,28.0,41.0,16.43,112.75,23.0,19.0,1218.0,40.0,922.0,49.0,7.93,30.45,23.05,All-rounder,49.0
NLTC Perera,424.0,326.0,24.0,30.0,17.67,130.06,23.0,26.0,1031.0,37.0,715.0,36.0,8.65,27.86,19.32,All-rounder,36.0
JR Hopes,417.0,314.0,17.0,19.0,24.53,132.8,49.0,11.0,562.0,14.0,369.0,20.0,9.14,40.14,26.36,All-rounder,20.0
J Botha,409.0,364.0,22.0,28.0,18.59,112.36,39.0,5.0,818.0,27.0,709.0,34.0,6.92,30.3,26.26,All-rounder,34.0
LR Shukla,405.0,358.0,29.0,33.0,13.97,113.13,33.0,16.0,458.0,17.0,326.0,27.0,8.43,26.94,19.18,All-rounder,33.0
AL Menaria,401.0,367.0,22.0,23.0,18.23,109.26,24.0,18.0,144.0,3.0,113.0,12.0,7.65,48.0,37.67,All-rounder,23.0
MV Boucher,394.0,318.0,15.0,23.0,26.27,123.9,32.0,13.0,0.0,0.0,0.0,0.0,0.0,0.0,0.0,Batsman,23.0
CA Pujara,390.0,403.0,18.0,22.0,21.67,96.77,50.0,4.0,0.0,0.0,0.0,0.0,0.0,0.0,0.0,Batsman,22.0
Azhar Mahmood,388.0,311.0,19.0,21.0,20.42,124.76,39.0,13.0,707.0,31.0,552.0,23.0,7.68,22.81,17.81,All-rounder,23.0
A Mishra,381.0,440.0,31.0,55.0,12.29,86.59,31.0,5.0,4193.0,183.0,3444.0,162.0,7.3,22.91,18.82,All-rounder,162.0
Washington Sundar,378.0,341.0,27.0,38.0,14.0,110.85,32.0,9.0,1335.0,39.0,1064.0,58.0,7.53,34.23,27.28,All-rounder,58.0
DB Ravi Teja,375.0,325.0,20.0,25.0,18.75,115.38,35.0,9.0,28.0,1.0,18.0,2.0,9.33,28.0,18.0,Batsman,25.0
S Sohal,368.0,311.0,18.0,20.0,20.44,118.33,34.0,18.0,0.0,0.0,0.0,0.0,0.0,0.0,0.0,Batsman,20.0
P Negi,365.0,301.0,26.0,35.0,14.04,121.26,27.0,16.0,954.0,38.0,733.0,42.0,7.81,25.11,19.29,All-rounder,42.0
R Powell,360.0,254.0,20.0,22.0,18.0,141.73,21.0,28.0,35.0,1.0,21.0,2.0,10.0,35.0,21.0,Batsman,22.0
KV Sharma,351.0,306.0,25.0,39.0,14.04,114.71,20.0,17.0,2130.0,82.0,1520.0,82.0,8.41,25.98,18.54,All-rounder,82.0
Dhruv Jurel,347.0,237.0,13.0,22.0,26.69,146.41,29.0,16.0,0.0,0.0,0.0,0.0,0.0,0.0,0.0,Batsman,22.0
R Bhatia,342.0,290.0,29.0,47.0,11.79,117.93,24.0,13.0,2059.0,82.0,1661.0,91.0,7.44,25.11,20.26,All-rounder,91.0
P Kumar,340.0,323.0,34.0,57.0,10.0,105.26,22.0,17.0,3342.0,102.0,2637.0,119.0,7.6,32.76,25.85,All-rounder,119.0
AP Tare,339.0,285.0,24.0,27.0,14.12,118.95,40.0,11.0,0.0,0.0,0.0,0.0,0.0,0.0,0.0,Batsman,27.0
RN ten Doeschate,326.0,238.0,17.0,21.0,19.18,136.97,26.0,15.0,94.0,3.0,83.0,10.0,6.8,31.33,27.67,All-rounder,21.0
Anuj Rawat,318.0,276.0,14.0,21.0,22.71,115.22,26.0,14.0,0.0,0.0,0.0,0.0,0.0,0.0,0.0,Batsman,21.0
R Vinay Kumar,310.0,289.0,26.0,42.0,11.92,107.27,21.0,9.0,3041.0,127.0,2186.0,104.0,8.35,23.94,17.21,All-rounder,104.0
SN Thakur,307.0,228.0,23.0,35.0,13.35,134.65,27.0,13.0,2908.0,100.0,1979.0,92.0,8.82,29.08,19.79,All-rounder,92.0
B Kumar,306.0,338.0,34.0,65.0,9.0,90.53,30.0,3.0,5051.0,195.0,4060.0,176.0,7.46,25.9,20.82,All-rounder,176.0
Lalit Yadav,305.0,301.0,15.0,21.0,20.33,101.33,27.0,7.0,430.0,11.0,294.0,19.0,8.78,39.09,26.73,All-rounder,21.0
DB Das,304.0,267.0,12.0,22.0,25.33,113.86,23.0,16.0,0.0,0.0,0.0,0.0,0.0,0.0,0.0,Batsman,22.0
C de Grandhomme,303.0,229.0,15.0,21.0,20.2,132.31,18.0,18.0,323.0,7.0,230.0,19.0,8.43,46.14,32.86,All-rounder,21.0
UBT Chand,300.0,314.0,20.0,20.0,15.0,95.54,32.0,9.0,0.0,0.0,0.0,0.0,0.0,0.0,0.0,Batsman,20.0
DJG Sammy,295.0,251.0,15.0,20.0,19.67,117.53,15.0,18.0,354.0,14.0,244.0,19.0,8.7,25.29,17.43,All-rounder,20.0
SP Goswami,293.0,307.0,20.0,21.0,14.65,95.44,32.0,3.0,0.0,0.0,0.0,0.0,0.0,0.0,0.0,Batsman,21.0
Y Nagar,285.0,271.0,15.0,20.0,19.0,105.17,20.0,9.0,125.0,4.0,72.0,8.0,10.42,31.25,18.0,Batsman,20.0
GH Vihari,284.0,331.0,20.0,23.0,14.2,85.8,23.0,1.0,48.0,1.0,43.0,6.0,6.7,48.0,43.0,Batsman,23.0
VVS Laxman,282.0,271.0,16.0,20.0,17.62,104.06,33.0,5.0,0.0,0.0,0.0,0.0,0.0,0.0,0.0,Batsman,20.0
B Chipli,280.0,256.0,16.0,21.0,17.5,109.38,28.0,7.0,20.0,0.0,6.0,1.0,20.0,0.0,0.0,Batsman,21.0
A Ashish Reddy,280.0,196.0,15.0,23.0,18.67,142.86,16.0,15.0,400.0,19.0,270.0,20.0,8.89,21.05,14.21,All-rounder,23.0
R Sathish,270.0,236.0,16.0,24.0,16.88,114.41,22.0,6.0,233.0,6.0,144.0,14.0,9.71,38.83,24.0,All-rounder,24.0
JO Holder,259.0,217.0,21.0,27.0,12.33,119.35,13.0,18.0,1489.0,59.0,1049.0,46.0,8.52,25.24,17.78,All-rounder,46.0
M Kaif,259.0,258.0,16.0,22.0,16.19,100.39,22.0,6.0,0.0,0.0,0.0,0.0,0.0,0.0,0.0,Batsman,22.0
HV Patel,249.0,214.0,26.0,37.0,9.58,116.36,16.0,15.0,3215.0,151.0,2284.0,103.0,8.45,21.29,15.13,All-rounder,103.0
K Gowtham,247.0,159.0,18.0,27.0,13.72,155.35,15.0,17.0,825.0,22.0,599.0,35.0,8.26,37.5,27.23,All-rounder,35.0
Harpreet Brar,233.0,201.0,12.0,24.0,19.42,115.92,19.0,9.0,907.0,25.0,692.0,39.0,7.86,36.28,27.68,All-rounder,39.0
Mohammad Nabi,221.0,157.0,17.0,19.0,13.0,140.76,18.0,12.0,527.0,15.0,419.0,23.0,7.55,35.13,27.93,All-rounder,23.0
R Dhawan,210.0,188.0,10.0,22.0,21.0,111.7,18.0,7.0,922.0,27.0,693.0,36.0,7.98,34.15,25.67,All-rounder,36.0
UT Yadav,208.0,211.0,21.0,48.0,9.9,98.58,16.0,9.0,4442.0,163.0,3190.0,147.0,8.35,27.25,19.57,All-rounder,147.0
K Rabada,206.0,207.0,16.0,28.0,12.88,99.52,16.0,8.0,2652.0,126.0,1907.0,80.0,8.34,21.05,15.13,All-rounder,80.0
JC Archer,199.0,132.0,13.0,23.0,15.31,150.76,11.0,14.0,1210.0,49.0,987.0,40.0,7.36,24.69,20.14,All-rounder,40.0
SK Warne,198.0,219.0,19.0,27.0,10.42,90.41,14.0,6.0,1465.0,60.0,1223.0,54.0,7.19,24.42,20.38,All-rounder,54.0
JD Unadkat,197.0,170.0,14.0,27.0,14.07,115.88,16.0,7.0,3219.0,109.0,2194.0,104.0,8.8,29.53,20.13,All-rounder,104.0
Bipul Sharma,187.0,124.0,6.0,17.0,31.17,150.81,11.0,9.0,581.0,22.0,436.0,28.0,8.0,26.41,19.82,All-rounder,28.0
Kuldeep Yadav,183.0,224.0,10.0,32.0,18.3,81.7,16.0,3.0,2413.0,90.0,1786.0,82.0,8.11,26.81,19.84,All-rounder,82.0
S Gopal,180.0,173.0,13.0,22.0,13.85,104.05,19.0,2.0,1358.0,53.0,1000.0,51.0,8.15,25.62,18.87,All-rounder,51.0
AB Agarkar,179.0,160.0,8.0,18.0,22.38,111.87,13.0,5.0,1174.0,33.0,820.0,42.0,8.59,35.58,24.85,All-rounder,42.0
MF Maharoof,177.0,124.0,10.0,14.0,17.7,142.74,12.0,9.0,532.0,33.0,441.0,20.0,7.24,16.12,13.36,All-rounder,20.0
MG Johnson,167.0,168.0,14.0,28.0,11.93,99.4,10.0,7.0,1740.0,66.0,1301.0,54.0,8.02,26.36,19.71,All-rounder,54.0
DW Steyn,167.0,163.0,22.0,33.0,7.59,102.45,14.0,3.0,2583.0,105.0,2282.0,95.0,6.79,24.6,21.73,All-rounder,95.0
RE van der Merwe,159.0,144.0,12.0,15.0,13.25,110.42,11.0,8.0,515.0,25.0,455.0,21.0,6.79,20.6,18.2,All-rounder,21.0
RD Chahar,129.0,127.0,16.0,22.0,8.06,101.57,13.0,5.0,2165.0,76.0,1697.0,77.0,7.65,28.49,22.33,All-rounder,77.0
M Morkel,126.0,93.0,11.0,20.0,11.45,135.48,11.0,5.0,2136.0,88.0,1699.0,70.0,7.54,24.27,19.31,All-rounder,70.0
MM Sharma,124.0,137.0,16.0,28.0,7.75,90.51,9.0,4.0,3278.0,147.0,2308.0,111.0,8.52,22.3,15.7,All-rounder,111.0
B Lee,124.0,102.0,10.0,19.0,12.4,121.57,8.0,8.0,1126.0,30.0,916.0,38.0,7.38,37.53,30.53,All-rounder,38.0
DL Vettori,121.0,118.0,7.0,16.0,17.29,102.54,11.0,2.0,894.0,34.0,785.0,34.0,6.83,26.29,23.09,All-rounder,34.0
TG Southee,120.0,108.0,11.0,19.0,10.91,111.11,8.0,4.0,1774.0,57.0,1262.0,54.0,8.43,31.12,22.14,All-rounder,54.0
RJ Harris,117.0,112.0,12.0,21.0,9.75,104.46,6.0,3.0,1085.0,47.0,865.0,37.0,7.53,23.09,18.4,All-rounder,37.0
Z Khan,117.0,141.0,15.0,27.0,7.8,82.98,11.0,2.0,2860.0,119.0,2276.0,99.0,7.54,24.03,19.13,All-rounder,99.0
KK Cooper,116.0,70.0,9.0,12.0,12.89,165.71,9.0,8.0,789.0,36.0,600.0,25.0,7.89,21.92,16.67,All-rounder,25.0
M Kartik,113.0,109.0,7.0,14.0,16.14,103.67,7.0,1.0,1418.0,39.0,1182.0,55.0,7.2,36.36,30.31,All-rounder,55.0
Mohammed Siraj,109.0,122.0,10.0,20.0,10.9,89.34,10.0,4.0,2894.0,96.0,2081.0,93.0,8.34,30.15,21.68,All-rounder,93.0
MA Starc,105.0,109.0,8.0,16.0,13.12,96.33,11.0,0.0,1175.0,59.0,879.0,39.0,8.02,19.92,14.9,All-rounder,39.0
DS Kulkarni,104.0,113.0,9.0,20.0,11.56,92.04,7.0,2.0,2513.0,91.0,1876.0,92.0,8.04,27.62,20.62,All-rounder,92.0
MS Gony,99.0,76.0,9.0,15.0,11.0,130.26,6.0,8.0,1317.0,39.0,925.0,44.0,8.54,33.77,23.72,All-rounder,44.0
AJ Tye,91.0,79.0,8.0,13.0,11.38,115.19,6.0,5.0,1005.0,48.0,714.0,30.0,8.45,20.94,14.88,All-rounder,30.0
Iqbal Abdulla,88.0,86.0,1.0,13.0,88.0,102.33,9.0,1.0,1125.0,45.0,943.0,48.0,7.16,25.0,20.96,All-rounder,48.0
SL Malinga,88.0,103.0,12.0,20.0,7.33,85.44,6.0,5.0,3486.0,188.0,2974.0,122.0,7.03,18.54,15.82,All-rounder,122.0
Ankit Sharma,87.0,69.0,7.0,10.0,12.43,126.09,7.0,4.0,453.0,12.0,375.0,21.0,7.25,37.75,31.25,All-rounder,21.0
MJ McClenaghan,85.0,73.0,11.0,20.0,7.73,116.44,5.0,7.0,1839.0,75.0,1346.0,56.0,8.2,24.52,17.95,All-rounder,56.0
TA Boult,83.0,82.0,7.0,22.0,11.86,101.22,5.0,3.0,3286.0,128.0,2428.0,103.0,8.12,25.67,18.97,All-rounder,103.0
NM Coulter-Nile,82.0,75.0,10.0,16.0,8.2,109.33,7.0,4.0,1125.0,52.0,892.0,38.0,7.57,21.63,17.15,All-rounder,38.0
CJ Jordan,81.0,81.0,9.0,12.0,9.0,100.0,3.0,3.0,1111.0,36.0,717.0,34.0,9.3,30.86,19.92,All-rounder,34.0
DL Chahar,80.0,61.0,7.0,12.0,11.43,131.15,2.0,6.0,2243.0,79.0,1746.0,81.0,7.71,28.39,22.1,All-rounder,81.0
CR Woakes,78.0,77.0,5.0,12.0,15.6,101.3,7.0,2.0,674.0,31.0,463.0,21.0,8.73,21.74,14.94,All-rounder,21.0
Mohammed Shami,74.0,82.0,13.0,23.0,5.69,90.24,6.0,2.0,3486.0,144.0,2521.0,110.0,8.3,24.21,17.51,All-rounder,110.0
PWH de Silva,72.0,80.0,11.0,14.0,6.55,90.0,7.0,1.0,758.0,36.0,557.0,26.0,8.17,21.06,15.47,All-rounder,26.0
J Suchith,70.0,62.0,4.0,9.0,17.5,112.9,6.0,3.0,604.0,20.0,434.0,21.0,8.35,30.2,21.7,Bowler,21.0
JJ Bumrah,68.0,80.0,8.0,26.0,8.5,85.0,5.0,1.0,3840.0,182.0,3185.0,133.0,7.23,21.1,17.5,All-rounder,133.0
LH Ferguson,68.0,48.0,4.0,7.0,17.0,141.67,6.0,2.0,1451.0,57.0,1002.0,45.0,8.69,25.46,17.58,Bowler,45.0
RR Powar,67.0,64.0,3.0,9.0,22.33,104.69,6.0,1.0,538.0,15.0,443.0,26.0,7.29,35.87,29.53,Bowler,26.0
R Sharma,66.0,77.0,11.0,19.0,6.0,85.71,5.0,3.0,1100.0,42.0,935.0,44.0,7.06,26.19,22.26,All-rounder,44.0
M Jansen,66.0,71.0,8.0,12.0,8.25,92.96,5.0,2.0,732.0,22.0,487.0,21.0,9.02,33.27,22.14,All-rounder,21.0
WD Parnell,65.0,86.0,10.0,13.0,6.5,75.58,4.0,1.0,968.0,40.0,758.0,33.0,7.66,24.2,18.95,All-rounder,33.0
S Aravind,59.0,59.0,3.0,10.0,19.67,100.0,7.0,0.0,1057.0,48.0,788.0,38.0,8.05,22.02,16.42,All-rounder,38.0
I Sharma,57.0,71.0,7.0,21.0,8.14,80.28,4.0,2.0,3255.0,96.0,2429.0,110.0,8.04,33.91,25.3,All-rounder,110.0
Sandeep Sharma,54.0,73.0,5.0,25.0,10.8,73.97,4.0,0.0,3758.0,153.0,2925.0,126.0,7.71,24.56,19.12,All-rounder,126.0
RP Singh,52.0,78.0,15.0,28.0,3.47,66.67,2.0,1.0,2417.0,100.0,1874.0,82.0,7.74,24.17,18.74,All-rounder,82.0
Shivam Mavi,51.0,58.0,9.0,11.0,5.67,87.93,4.0,2.0,958.0,33.0,687.0,32.0,8.37,29.03,20.82,All-rounder,32.0
VR Aaron,50.0,73.0,4.0,12.0,12.5,68.49,2.0,2.0,1527.0,46.0,1065.0,50.0,8.6,33.2,23.15,All-rounder,50.0
A Nortje,49.0,51.0,5.0,13.0,9.8,96.08,6.0,0.0,1614.0,62.0,1097.0,46.0,8.83,26.03,17.69,All-rounder,46.0
M Markande,48.0,44.0,3.0,10.0,16.0,109.09,5.0,1.0,1081.0,37.0,737.0,37.0,8.8,29.22,19.92,All-rounder,37.0
SK Trivedi,42.0,61.0,8.0,14.0,5.25,68.85,3.0,1.0,1944.0,73.0,1557.0,75.0,7.49,26.63,21.33,All-rounder,75.0
A Nehra,41.0,63.0,8.0,17.0,5.12,65.08,3.0,1.0,2537.0,121.0,1974.0,88.0,7.71,20.97,16.31,All-rounder,88.0
Avesh Khan,41.0,25.0,1.0,9.0,41.0,164.0,3.0,3.0,2010.0,81.0,1390.0,62.0,8.68,24.81,17.16,Bowler,62.0
J Yadav,40.0,38.0,2.0,4.0,20.0,105.26,2.0,1.0,447.0,9.0,398.0,20.0,6.74,49.67,44.22,Bowler,20.0
MM Patel,39.0,41.0,5.0,12.0,7.8,95.12,5.0,0.0,1733.0,82.0,1382.0,63.0,7.52,21.13,16.85,All-rounder,63.0
S Nadeem,39.0,88.0,16.0,20.0,2.44,44.32,2.0,0.0,1800.0,54.0,1444.0,70.0,7.48,33.33,26.74,All-rounder,70.0
YS Chahal,37.0,89.0,6.0,17.0,6.17,41.57,0.0,0.0,4681.0,213.0,3628.0,159.0,7.74,21.98,17.03,All-rounder,159.0
L Balaji,36.0,50.0,7.0,13.0,5.14,72.0,2.0,1.0,2083.0,85.0,1574.0,73.0,7.94,24.51,18.52,All-rounder,73.0
Anureet Singh,36.0,47.0,4.0,8.0,9.0,76.6,2.0,1.0,636.0,21.0,430.0,22.0,8.87,30.29,20.48,Bowler,22.0
A Kumble,35.0,49.0,2.0,15.0,17.5,71.43,3.0,0.0,1089.0,49.0,983.0,42.0,6.65,22.22,20.06,All-rounder,42.0
M Ashwin,35.0,50.0,8.0,12.0,4.38,70.0,2.0,1.0,1182.0,35.0,898.0,44.0,7.9,33.77,25.66,All-rounder,44.0
S Sreesanth,34.0,57.0,3.0,12.0,11.33,59.65,6.0,0.0,1221.0,43.0,947.0,44.0,7.74,28.4,22.02,All-rounder,44.0
Navdeep Saini,33.0,38.0,4.0,7.0,8.25,86.84,3.0,0.0,968.0,26.0,682.0,31.0,8.52,37.23,26.23,Bowler,31.0
Imran Tahir,33.0,37.0,4.0,8.0,8.25,89.19,5.0,0.0,1729.0,86.0,1340.0,59.0,7.74,20.1,15.58,Bowler,59.0
Basil Thampi,32.0,37.0,2.0,7.0,16.0,86.49,1.0,1.0,862.0,26.0,539.0,25.0,9.6,33.15,20.73,Bowler,25.0
Ravi Bishnoi,32.0,52.0,7.0,14.0,4.57,61.54,2.0,0.0,1861.0,68.0,1460.0,65.0,7.65,27.37,21.47,All-rounder,65.0
Arshdeep Singh,29.0,42.0,5.0,11.0,5.8,69.05,4.0,0.0,2097.0,84.0,1453.0,65.0,8.66,24.96,17.3,All-rounder,65.0
SB Jakati,28.0,30.0,2.0,5.0,14.0,93.33,3.0,0.0,1474.0,50.0,1101.0,57.0,8.03,29.48,22.02,Bowler,57.0
AS Joseph,27.0,32.0,1.0,5.0,27.0,84.38,3.0,0.0,707.0,22.0,454.0,22.0,9.34,32.14,20.64,Bowler,22.0
AB Dinda,26.0,50.0,9.0,16.0,2.89,52.0,2.0,0.0,2103.0,82.0,1589.0,75.0,7.94,25.65,19.38,All-rounder,75.0
AS Rajpoot,26.0,41.0,4.0,7.0,6.5,63.41,2.0,1.0,844.0,24.0,567.0,29.0,8.93,35.17,23.62,Bowler,29.0
PJ Sangwan,26.0,47.0,8.0,14.0,3.25,55.32,1.0,0.0,1267.0,44.0,905.0,42.0,8.4,28.8,20.57,All-rounder,42.0
Mohsin Khan,25.0,27.0,2.0,5.0,12.5,92.59,2.0,1.0,698.0,27.0,507.0,23.0,8.26,25.85,18.78,Bowler,23.0
CV Varun,25.0,49.0,2.0,10.0,12.5,51.02,2.0,0.0,2042.0,85.0,1624.0,70.0,7.54,24.02,19.11,All-rounder,70.0
Umran Malik,23.0,16.0,1.0,5.0,23.0,143.75,1.0,2.0,785.0,31.0,519.0,26.0,9.08,25.32,16.74,Bowler,26.0
SW Tait,23.0,26.0,3.0,5.0,7.67,88.46,1.0,1.0,668.0,26.0,534.0,21.0,7.51,25.69,20.54,Bowler,21.0
GB Hogg,22.0,22.0,2.0,4.0,11.0,100.0,1.0,0.0,585.0,25.0,466.0,21.0,7.53,23.4,18.64,Bowler,21.0
DE Bollinger,21.0,23.0,1.0,4.0,21.0,91.3,1.0,1.0,716.0,43.0,600.0,27.0,7.16,16.65,13.95,Bowler,27.0
TU Deshpande,21.0,15.0,1.0,4.0,21.0,140.0,2.0,1.0,1275.0,46.0,831.0,36.0,9.21,27.72,18.07,Bowler,36.0
S Kaul,20.0,36.0,3.0,9.0,6.67,55.56,1.0,0.0,1772.0,63.0,1238.0,55.0,8.59,28.13,19.65,Bowler,55.0
M Muralitharan,20.0,30.0,6.0,9.0,3.33,66.67,1.0,0.0,1765.0,67.0,1581.0,66.0,6.7,26.34,23.6,Bowler,66.0
JR Hazlewood,19.0,29.0,0.0,6.0,19.0,65.52,1.0,0.0,830.0,36.0,622.0,27.0,8.01,23.06,17.28,Bowler,27.0
PV Tambe,18.0,39.0,1.0,6.0,18.0,46.15,1.0,0.0,866.0,28.0,674.0,33.0,7.71,30.93,24.07,Bowler,33.0
Harmeet Singh,18.0,12.0,2.0,4.0,9.0,150.0,3.0,0.0,747.0,31.0,574.0,28.0,7.81,24.1,18.52,Bowler,28.0
PP Ojha,16.0,45.0,10.0,19.0,1.6,35.56,0.0,0.0,2399.0,99.0,1945.0,90.0,7.4,24.23,19.65,All-rounder,90.0
A Zampa,15.0,25.0,5.0,5.0,3.0,60.0,1.0,0.0,562.0,30.0,425.0,20.0,7.93,18.73,14.17,Bowler,20.0
Noor Ahmad,13.0,18.0,4.0,5.0,3.25,72.22,2.0,0.0,672.0,24.0,513.0,23.0,7.86,28.0,21.38,Bowler,23.0
Mustafizur Rahman,13.0,23.0,1.0,6.0,13.0,56.52,0.0,1.0,1792.0,70.0,1353.0,57.0,7.95,25.6,19.33,Bowler,57.0
Kartik Tyagi,13.0,16.0,4.0,6.0,3.25,81.25,1.0,0.0,720.0,16.0,458.0,20.0,9.43,45.0,28.62,Bowler,20.0
BB Sran,10.0,14.0,1.0,7.0,10.0,71.43,0.0,0.0,767.0,20.0,516.0,24.0,8.92,38.35,25.8,Bowler,24.0
Mukesh Kumar,10.0,20.0,1.0,5.0,10.0,50.0,0.0,0.0,707.0,31.0,420.0,20.0,10.1,22.81,13.55,Bowler,20.0
M Prasidh Krishna,9.0,24.0,2.0,7.0,4.5,37.5,0.0,0.0,1741.0,54.0,1231.0,51.0,8.49,32.24,22.8,Bowler,51.0
VG Arora,9.0,17.0,2.0,7.0,4.5,52.94,0.0,0.0,598.0,20.0,418.0,20.0,8.58,29.9,20.9,Bowler,20.0
M Theekshana,7.0,7.0,1.0,2.0,7.0,100.0,0.0,1.0,814.0,25.0,631.0,27.0,7.74,32.56,25.24,Bowler,27.0
P Awana,5.0,14.0,3.0,5.0,1.67,35.71,0.0,0.0,1046.0,43.0,774.0,33.0,8.11,24.33,18.0,Bowler,33.0
DP Nannes,4.0,13.0,1.0,2.0,4.0,30.77,0.0,0.0,815.0,38.0,689.0,29.0,7.1,21.45,18.13,Bowler,29.0
T Natarajan,3.0,5.0,0.0,2.0,3.0,60.0,0.0,0.0,2001.0,76.0,1401.0,61.0,8.57,26.33,18.43,Bowler,61.0
A Singh,2.0,10.0,4.0,5.0,0.5,20.0,0.0,0.0,639.0,31.0,486.0,23.0,7.89,20.61,15.68,Bowler,23.0
KK Ahmed,1.0,7.0,5.0,5.0,0.2,14.29,0.0,0.0,1918.0,78.0,1345.0,57.0,8.56,24.59,17.24,Bowler,57.0
M Pathirana,0.0,0.0,0.0,0.0,0.0,0.0,0.0,0.0,617.0,38.0,503.0,20.0,7.36,16.24,13.24,Bowler,20.0
IC Pandey,0.0,2.0,1.0,1.0,0.0,0.0,0.0,0.0,609.0,19.0,469.0,24.0,7.79,32.05,24.68,Bowler,24.0
Yash Dayal,0.0,1.0,1.0,1.0,0.0,0.0,0.0,0.0,933.0,31.0,615.0,28.0,9.1,30.1,19.84,Bowler,28.0
